{
  "H1_O3a": {
    "lo": [
      11.07694149017334,
      0.03446650505065918,
      1.520237684249878,
      7.716728210449219,
      0.05875119939446449,
      8.756723403930664
    ],
    "hi": [
      343.3984680175781,
      0.4606096148490906,
      6.934320449829102,
      3822.340087890625,
      11.529999732971191,
      7942.87060546875
    ]
  },
  "H1_O3b": {
    "lo": [
      10.32168960571289,
      0.0334247425198555,
      1.516823410987854,
      7.581355094909668,
      0.02203419990837574,
      4.8217010498046875
    ],
    "hi": [
      411.8654479980469,
      0.30406245589256287,
      5.506134986877441,
      1785.4912109375,
      49.27000045776367,
      7879.18994140625
    ]
  },
  "L1_O3a": {
    "lo": [
      21.974245071411133,
      0.032825082540512085,
      1.486504077911377,
      7.558755874633789,
      0.14687499403953552,
      15.776361465454102
    ],
    "hi": [
      1242.2513427734375,
      0.11661719530820847,
      2.1712536811828613,
      21.934186935424805,
      4.267577171325684,
      7943.1962890625
    ]
  },
  "L1_O3b": {
    "lo": [
      12.228812217712402,
      0.030719870701432228,
      1.5101336240768433,
      7.604122161865234,
      0.043460000306367874,
      12.824873924255371
    ],
    "hi": [
      333.03021240234375,
      0.1898449808359146,
      3.193303346633911,
      628.0814819335938,
      7.599999904632568,
      7940.48291015625
    ]
  }
}