{
  "mode": "binary_poc",
  "epochs": [
    1,
    2,
    3,
    4,
    5,
    6,
    7,
    8,
    9,
    10,
    11,
    12,
    13,
    14,
    15,
    16,
    17,
    18,
    19,
    20,
    21,
    22,
    23,
    24,
    25,
    26,
    27,
    28,
    29,
    30,
    31,
    32,
    33,
    34,
    35,
    36,
    37,
    38,
    39,
    40,
    41,
    42,
    43,
    44,
    45,
    46,
    47,
    48,
    49,
    50,
    51,
    52,
    53,
    54,
    55,
    56,
    57,
    58,
    59,
    60,
    61,
    62,
    63,
    64,
    65,
    66,
    67,
    68,
    69,
    70,
    71,
    72,
    73,
    74,
    75,
    76,
    77,
    78,
    79,
    80,
    81,
    82,
    83,
    84,
    85,
    86,
    87,
    88,
    89,
    90,
    91,
    92,
    93,
    94,
    95,
    96,
    97,
    98,
    99,
    100,
    101,
    102,
    103,
    104,
    105,
    106,
    107,
    108,
    109,
    110,
    111,
    112,
    113,
    114,
    115,
    116,
    117,
    118,
    119,
    120,
    121,
    122,
    123,
    124,
    125,
    126,
    127,
    128,
    129,
    130,
    131,
    132,
    133,
    134,
    135,
    136,
    137,
    138,
    139,
    140,
    141,
    142,
    143,
    144,
    145,
    146,
    147,
    148,
    149,
    150,
    151,
    152,
    153,
    154,
    155,
    156,
    157,
    158,
    159,
    160,
    161,
    162,
    163,
    164,
    165,
    166,
    167,
    168,
    169,
    170,
    171,
    172,
    173,
    174,
    175,
    176,
    177,
    178,
    179,
    180,
    181,
    182,
    183,
    184,
    185,
    186,
    187,
    188,
    189,
    190,
    191,
    192,
    193,
    194,
    195,
    196,
    197,
    198,
    199,
    200
  ],
  "train_loss": [
    0.6071155865987142,
    0.5994417667388916,
    0.6037725706895193,
    0.6018974085648855,
    0.6047713756561279,
    0.5944843590259552,
    0.5974289774894714,
    0.5959354440371195,
    0.5974240104357401,
    0.596973717212677,
    0.6018208563327789,
    0.5938027103741964,
    0.5935849547386169,
    0.5959259668986002,
    0.5965351462364197,
    0.5942763189474741,
    0.5926742355028788,
    0.5922491947809855,
    0.5927884876728058,
    0.5929718812306722,
    0.5930045048395792,
    0.5910572409629822,
    0.5945934454600016,
    0.5966221888860067,
    0.5915631353855133,
    0.5913078685601553,
    0.587286502122879,
    0.5894724726676941,
    0.5906298955281576,
    0.5901723802089691,
    0.5889792839686075,
    0.5887493987878164,
    0.5871979395548502,
    0.591100831826528,
    0.5897289911905924,
    0.588861753543218,
    0.5899365047613779,
    0.5903429687023163,
    0.5921184023221334,
    0.5877588788668314,
    0.588610033194224,
    0.5897232492764791,
    0.5892851154009501,
    0.5873289903004965,
    0.5862710773944855,
    0.5852766036987305,
    0.5888976653416952,
    0.5883252819379171,
    0.5856530368328094,
    0.5870286027590433,
    0.5863584578037262,
    0.5858891010284424,
    0.5879207650820414,
    0.5866354803244272,
    0.5876992146174113,
    0.583672841389974,
    0.585450142621994,
    0.5847884913285574,
    0.585773766040802,
    0.584488034248352,
    0.5851327478885651,
    0.586137076218923,
    0.5855729579925537,
    0.5844341913859049,
    0.5859805444876353,
    0.5853530565897623,
    0.5863637924194336,
    0.5879545211791992,
    0.5852400660514832,
    0.5843098362286886,
    0.5877437591552734,
    0.5859600106875101,
    0.5821218490600586,
    0.5859750012556711,
    0.5858052770296732,
    0.5832195381323496,
    0.5835166474183401,
    0.5851675271987915,
    0.585628479719162,
    0.5849783221880595,
    0.5859375695387522,
    0.5842871268590292,
    0.585570494333903,
    0.5880531271298727,
    0.5867305994033813,
    0.5826006829738617,
    0.5853290259838104,
    0.5859692990779877,
    0.5830931862195333,
    0.5823730627695719,
    0.5827769339084625,
    0.5851158996423086,
    0.5834351480007172,
    0.5832776129245758,
    0.5855679710706075,
    0.5841790040334066,
    0.5832907855510712,
    0.5802467862764994,
    0.5826873679955801,
    0.582996000846227,
    0.5822661221027374,
    0.5849236249923706,
    0.584501733382543,
    0.5825097660223643,
    0.5836035311222076,
    0.5847596625487009,
    0.5842309296131134,
    0.5840165813763937,
    0.5810819168885549,
    0.5845429996649424,
    0.5810960233211517,
    0.5832128127415975,
    0.5822256505489349,
    0.58218381802241,
    0.5832797388235728,
    0.581059326728185,
    0.5814380347728729,
    0.5845455229282379,
    0.5828076203664144,
    0.5810650289058685,
    0.5815472106138865,
    0.5794842839241028,
    0.5803752342859904,
    0.5814913709958395,
    0.5798172255357107,
    0.583484540383021,
    0.579805999994278,
    0.5808751781781515,
    0.5823989113171896,
    0.5821888943513235,
    0.5804644723733267,
    0.5847757260004679,
    0.5818962256113688,
    0.5814245442549387,
    0.582629938920339,
    0.5807301302750906,
    0.5808580021063486,
    0.5805674691994985,
    0.5826167861620585,
    0.5811317364374796,
    0.580458919207255,
    0.5790022313594818,
    0.5827126801013947,
    0.5801706612110138,
    0.581660658121109,
    0.5832134882609049,
    0.5798180301984152,
    0.5790069401264191,
    0.5802824099858602,
    0.5774117807547251,
    0.580277681350708,
    0.5799316167831421,
    0.5817592839399973,
    0.5779685378074646,
    0.5774082442124685,
    0.5800522367159525,
    0.5796773036321005,
    0.5812990069389343,
    0.5787345767021179,
    0.5818922022978464,
    0.5777508914470673,
    0.5774332086245219,
    0.5801969071229299,
    0.580581376949946,
    0.579346219698588,
    0.5767725110054016,
    0.5770189662774404,
    0.5791202882925669,
    0.5754587054252625,
    0.5775298575560252,
    0.5793358286221822,
    0.5768392582734426,
    0.5792442758878072,
    0.5772700707117716,
    0.5764380792776743,
    0.5775200029214224,
    0.5784129103024801,
    0.5787894030412039,
    0.5778249402840933,
    0.5766633450984955,
    0.5779648919900259,
    0.5744840602080027,
    0.5776134133338928,
    0.5756871203581492,
    0.5751696228981018,
    0.577233761548996,
    0.5766089657942454,
    0.5759901205698649,
    0.5757859746615092,
    0.5734914739926656,
    0.5760604043801626,
    0.5768807331720988,
    0.5763992667198181,
    0.5738388399283091,
    0.5775066117445627,
    0.576319009065628,
    0.5757919748624166,
    0.5766259431838989,
    0.5750543375809988,
    0.5741267204284668
  ],