{
  "mode": "full_5class",
  "n_rules": 14,
  "feat_names": [
    "pca_0",
    "pca_1",
    "ae_score",
    "log_energy",
    "snr",
    "peak_frequency",
    "bandwidth",
    "duration"
  ],
  "class_names": [
    "Loud",
    "Burst",
    "Scatter",
    "Line",
    "Other"
  ],
  "epochs": [
    1,
    2,
    3,
    4,
    5,
    6,
    7,
    8,
    9,
    10,
    11,
    12,
    13,
    14,
    15,
    16,
    17,
    18,
    19,
    20,
    21,
    22,
    23,
    24,
    25,
    26,
    27,
    28,
    29,
    30,
    31,
    32,
    33,
    34,
    35,
    36,
    37,
    38,
    39,
    40,
    41,
    42,
    43,
    44,
    45,
    46,
    47,
    48,
    49,
    50
  ],
  "train_loss": [
    1.597805658976237,
    1.5921194950739543,
    1.5813629229863484,
    1.5679025053977966,
    1.5538848241170247,
    1.5423404375712078,
    1.5426491300264995,
    1.524442235628764,
    1.5150858163833618,
    1.4940203626950581,
    1.508021056652069,
    1.488404393196106,
    1.474752406279246,
    1.4791823228200276,
    1.4712459047635396,
    1.4490796128908794,
    1.4293152888615925,
    1.4475943843523662,
    1.4346021016438801,
    1.4198583761850994,
    1.410734514395396,
    1.3962892889976501,
    1.377953310807546,
    1.386824091275533,
    1.3860007723172505,
    1.3480534950892131,
    1.3388885656992595,
    1.325965940952301,
    1.3241971333821614,
    1.3199480772018433,
    1.3229249914487202,
    1.286244551340739,
    1.277882158756256,
    1.2881110509236653,
    1.2572933236757915,
    1.2275060415267944,
    1.2449731826782227,
    1.2270185947418213,
    1.2196877201398213,
    1.2162574728329976,
    1.1960707306861877,
    1.2018267909685771,
    1.1654463311036427,
    1.1529044012228649,
    1.1601353685061138,
    1.138638178507487,
    1.1035864452521007,
    1.1157690982023876,
    1.1072806119918823,
    1.0986496110757191
  ],
  "val_loss": [
    1.6146526336669922,
    1.6095430850982666,
    1.6040682792663574,
    1.5989192724227905,
    1.5946106910705566,
    1.5900377035140991,
    1.5863591432571411,
    1.5830122232437134,
    1.5797237157821655,
    1.5766804218292236,
    1.573734164237976,
    1.5711705684661865,
    1.5687180757522583,
    1.5663174390792847,
    1.5640684366226196,
    1.562216877937317,
    1.5606321096420288,
    1.558787226676941,
    1.5571047067642212,
    1.5556100606918335,
    1.5541563034057617,
    1.553066372871399,
    1.5522987842559814,
    1.5513149499893188,
    1.5506080389022827,
    1.5501043796539307,
    1.5496190786361694,
    1.5491797924041748,
    1.5484297275543213,
    1.5482057332992554,
    1.548446536064148,
    1.5483191013336182,
    1.5487473011016846,
    1.5490130186080933,
    1.5495953559875488,
    1.550915002822876,
    1.5526375770568848,
    1.5539875030517578,
    1.5558990240097046,
    1.5575326681137085,
    1.560878872871399,
    1.5645346641540527,
    1.5682299137115479,
    1.5721404552459717,
    1.5753028392791748,
    1.5778257846832275,
    1.581350326538086,
    1.5848374366760254,
    1.5884748697280884,
    1.5921303033828735
  ],
  "val_acc": [
    0.0972222238779068,
    0.1666666716337204,
    0.1805555522441864,
    0.1944444477558136,
    0.1944444477558136,
    0.1805555522441864,
    0.1805555522441864,
    0.2083333283662796,
    0.2083333283662796,
    0.2083333283662796,
    0.2222222238779068,
    0.2222222238779068,
    0.25,
    0.25,
    0.25,
    0.236111119389534,
    0.25,
    0.25,
    0.25,
    0.25,
    0.25,
    0.25,
    0.25,
    0.25,
    0.2638888955116272,
    0.2777777910232544,
    0.2638888955116272,
    0.2638888955116272,
    0.2638888955116272,
    0.2638888955116272,
    0.2638888955116272,
    0.2638888955116272,
    0.2638888955116272,
    0.2777777910232544,
    0.2777777910232544,
    0.2777777910232544,
    0.2777777910232544,
    0.2777777910232544,
    0.2777777910232544,
    0.2777777910232544,
    0.2777777910232544,
    0.2916666567325592,
    0.2916666567325592,
    0.2916666567325592,
    0.2916666567325592,
    0.2916666567325592,
    0.2916666567325592,
    0.2916666567325592,
    0.2916666567325592,
    0.2916666567325592
  ],
  "test_loss": 1.3051040172576904,
  "test_acc": 0.38750001788139343
}