{
  "p1": 0.008755653277039527,
  "p99": 0.995057389736175
}