{
  "p1": 0.024959879983216523,
  "p99": 7.354407496452333
}